wind_speed,precipitation,temperature,damage_occurred,damage_cost
56.18101782710438,37.02658576772393,-1.6806021384865808,0,0.0
142.60714596148742,108.38018947567163,-2.711484064960011,1,40037.38846237725
109.79909127171076,174.58916717528166,43.437820636472566,1,13272.92704083245
89.79877262955549,146.44497728191223,-2.5317660105345716,0,0.0
23.40279606636548,161.31222957228994,-0.9635191709958306,1,29015.553174043685
23.399178050430397,131.75667334214347,33.15787836925746,0,0.0
8.71254182522992,138.4553129035705,11.4817889715378,0,0.0
129.92642186624028,169.83913031306386,34.369738986862686,1,1595.6818023919536
90.16725176148132,49.93360177183719,-15.424368970493033,0,0.0
106.21088666940682,97.88499272862809,14.129983557136903,1,3539.954156866722
3.087674144370367,44.241888363920445,-17.647047987170215,0,0.0
145.48647782429916,197.5336015993294,-15.614275758125183,1,15094.003723140231
124.86639612006326,188.81186793732266,43.450621734108765,1,16032.05337658492
31.850866601741423,7.88536227370118,-10.252824021768339,0,0.0
27.273745081065094,141.11503450313768,17.269447759265198,0,0.0
27.51067647801507,185.04966348313317,8.776692182049459,1,17368.44831776969
45.63633644393066,36.11506902546671,4.314032838118987,0,0.0
78.71346474483568,113.5890461105259,42.98833419810907,0,0.0
64.79175279631737,183.09765951760838,-18.472362225715734,1,4349.3068151879725
43.684371029706284,6.789195717159768,26.465278032291238,0,0.0
91.77793420835692,139.484053449368,47.437610394948535,0,0.0
20.924079097806274,59.469801474510156,19.211772842328934,0,0.0
43.82169728028272,184.8792390753061,45.57757234231643,1,34586.75027787317
54.95427649405376,194.21164903307354,-16.341948449978336,1,17290.35170028689
68.41049763255539,188.85329782268678,9.315532335191296,1,3772.6971511890656
117.77639420895204,94.84284333149276,-1.78895463265642,1,19322.131303627866
29.95106732375396,172.4085301978627,31.157467548651084,1,47277.98055202087
77.13516576204174,168.90987970701408,48.69079633480726,1,32444.98546762935
88.86218532930637,63.82009464865113,-2.0428956289026523,0,0.0
6.9675619079996585,165.78309483013547,25.79222210318521,1,31981.825528244353
91.13172778521576,7.401526943098524,-6.1331657068181915,0,0.0
25.57861855309373,119.2539756964106,19.57311782001269,0,0.0
9.757738947791928,46.00176745754061,12.47527406818353,0,0.0
142.33283058799998,24.113377155455762,48.040373074207594,1,5967.271980104798
144.8448049611839,15.390640325841831,22.59690908875266,1,14614.786028395902
121.25960221746917,139.25775517562795,4.465446046077314,1,14539.636314826826
45.6920653760056,67.97499275361322,-12.013295057844664,0,0.0
14.65081710095758,144.9533543057523,-9.412721988554582,0,0.0
102.63495397682354,13.071268159788474,-4.2278149034135435,1,4307.624787507275
66.0228740609402,63.05806756612207,-2.43233370617914,0,0.0
18.305735226716823,107.89825847506745,39.54312404887965,0,0.0
74.27653651669053,158.14463296779272,19.28559517977674,1,48563.15072507746
5.158278167282759,63.750500586413985,16.637363796205648,0,0.0
136.39806031181732,125.17827528740182,-11.966178969154777,1,20776.449115717973
38.816997240002536,177.1955496472374,40.20977853446045,1,37156.3642568957
99.37834265309729,123.17263763646092,30.59700122459386,0,0.0
46.75666141341164,46.591894950726754,-15.26321466699989,0,0.0
78.01020317667162,4.880156311307604,29.548456806083806,0,0.0
82.00654190149194,174.01977478018597,18.047675213985222,1,20483.006549090656
27.728168328829057,4.253882170077428,-14.279225797725523,0,0.0
145.4376941646838,174.94033453683988,12.081044907005953,1,11061.313996633191
116.26992350416718,105.7874268054424,13.928740099103287,1,24668.94518038561
140.92484123462836,187.81353970257925,-8.395782188570697,1,14158.154047312759
134.22410256414733,159.7566471547331,46.198870290019755,1,15085.621579965256
89.68499682166276,199.58682210666748,39.49827600364634,1,33181.0471102533
138.2811352534675,70.14236309034203,26.83156361303758,1,48458.329253294716
13.273875307787925,153.43765778622537,12.360689270042506,1,30578.22282740938
29.39742936287178,80.38618272184843,8.823587910915595,0,0.0
6.78409333658071,95.97512406078177,25.56814270056679,0,0.0
48.79954961448965,125.50109264367401,18.180230858483384,0,0.0
58.3015934534223,174.73542283726775,-15.640882588268006,1,15567.248725059348
40.70235476608438,196.81669383985903,15.87518541392322,1,5511.282318041296
124.3106263727894,153.65468277290364,36.448253206298766,1,30353.184770368698
53.51299900403839,83.55335643346675,12.146791431787065,0,0.0
42.14017645310712,84.27140045541404,-16.363039571201213,0,0.0
81.40441247373727,147.5164603177783,35.03947395688232,0,0.0
21.138633746214396,47.755429153660465,-5.904535250481793,0,0.0
120.32954711310595,22.094822626278933,-1.8965415578372848,1,48285.75310326912
11.182596551965624,70.92443152815531,-8.470555259739287,0,0.0
148.03304049007758,57.44779833081635,3.1150545410048274,1,34125.288114574825
115.83671539449861,59.261624091198016,32.97260539820445,1,35624.86362405677
29.80735223012586,46.721550209981984,16.35701016527561,0,0.0
0.8283175685403599,8.418637927272377,-5.658310809450121,0,0.0
122.31921426822512,3.574786946682762,41.44810547064286,1,14283.716434439222
106.02860157714257,197.5444779472063,41.570729846607044,1,30285.745852432454
109.3510752061481,85.55462674717246,40.94048975322048,1,43438.686046972885
115.69055200289186,76.86532943193633,-3.28426520329225,1,47389.952717246386
11.106697760113555,135.92945653861398,11.586754092669167,0,0.0
53.76985928164089,43.65077757301283,48.94927592986126,0,0.0
17.380358928769457,189.99223679004507,34.040873341699324,1,47292.076680370905
129.46551388133904,157.2690028831104,-18.098280514210813,1,37090.226188404835
93.49471902413369,17.8822004624519,-15.435678611765557,0,0.0
49.634703727897374,83.51615515698568,12.475196376863295,0,0.0
9.533752542903546,175.82366151243295,43.645414410309215,1,29791.707684360692
46.64734825734933,188.94640445828205,17.709125856689994,1,35355.840126456205
48.777498304012056,93.48030224997395,14.846875562400314,0,0.0
109.44092675070961,122.68227784214154,-12.616841003035859,1,20999.432852468206
95.63362070328196,33.40678921841504,25.974607330700586,0,0.0
133.08191138644898,198.2337252273953,37.54722124201578,1,29563.376783408894
70.83223877429239,46.33434027668868,6.629400525529363,0,0.0
17.939136890745257,188.54635482702514,34.29282956477292,1,23062.458061001627
106.98671808344925,129.9293297984737,47.51336577305682,1,47921.46973910705
114.11775729253462,121.54735897577183,-5.736347861061763,1,20552.7305644793
84.19157963542443,102.53770220330172,16.63307418363189,0,0.0
115.64507699318415,46.13396234355174,0.09965706592028667,1,10238.489681713305
74.06933945465862,35.305606401101656,35.499809332368756,0,0.0
78.40992440729912,44.09724181403507,20.431535611681028,0,0.0
64.13115275378244,37.287652428850905,24.420769228521266,0,0.0
3.8128690116142785,155.91689471335067,35.85399117311258,1,1407.6771691324086
16.183714048995668,70.02505183334603,7.717933086371843,0,0.0
4.714377853010138,11.568535312679273,44.05630478849302,0,0.0
95.46156168956706,193.82052602816228,17.3120207072298,1,37670.83313413533
47.153397161449,176.75717699268515,-8.94316240152564,1,45812.88452857939
76.28560367470541,185.55045663904258,28.71293827181617,1,22267.027662729182
136.13497108891394,198.98156452928706,35.52829453067781,1,13676.870465616606
37.39383437233124,34.77904984389746,2.1733173947268654,0,0.0
61.55743845534446,79.24840378053175,40.002547989912706,0,0.0
113.3326707814573,151.64769514081826,43.430027833603646,1,1443.6539174381778
34.31972482374337,139.20412361075844,-0.6166858835533766,0,0.0
11.546986474318949,30.779181267971012,48.84650309006554,0,0.0
43.46271793706521,163.16662499812355,-10.150193036586911,1,32246.72409790084
24.183193088100662,44.888114367332136,-5.858903211825702,0,0.0
139.45464785138597,44.76352296452462,-7.104261253338171,1,35988.58344552821
121.21805693466254,107.39488457868272,42.57927970055093,1,5478.182830257044
95.01056347656352,118.58798696834063,25.80047866274733,0,0.0
130.71908852815767,116.01724156756224,-9.3527001744409,1,43996.03228606961
120.55081153486717,18.297367479550974,10.82263928578443,1,37197.43438560175
27.985508832905374,175.49217252607608,23.07086175488614,1,1673.5321465559173
133.88384977349668,53.12000851774121,-14.15751405074317,1,13170.43675812021
80.9013362873476,25.902984256560835,41.76914578851371,0,0.0
121.11602327460938,177.74961597379544,36.252247480907464,1,14269.510073811656
134.41369498852399,191.13029964595069,15.364474150364678,1,13130.428743714434
47.70052124577958,172.42552345309014,47.69886306814193,1,4063.788491399441
16.507788679151513,161.90321494497562,9.243268549256978,1,23488.085313244195
34.19027438129125,131.04839612780435,48.887722332554844,0,0.0
64.06616829393845,110.17147412182786,26.754399916253895,0,0.0
122.70221488837397,17.39735198228203,24.426989127775904,1,33970.71176130591
129.10958748845152,81.69064261413975,-8.38315732929505,1,4976.309748275718
1.0428195796786055,74.5377034024628,41.73494308132508,0,0.0
76.61209538663486,51.95075675206524,9.924278154443058,0,0.0
62.611650472316846,144.684022737717,-8.643661595226446,0,0.0
33.31617157060954,99.17514701575416,-19.11747360169687,0,0.0
17.97980510005242,16.209243181529587,19.18289785468678,0,0.0
50.64227571054419,44.036640389962265,16.91797354858734,0,0.0
141.43645558687788,136.65175273191917,30.3547535658411,1,10813.818875513669
48.480439803113285,15.226171898060038,42.31806371124615,0,0.0
77.81859326150492,170.24138280975373,-14.441539074987933,1,37401.19318972901
105.45284383427668,99.02930540279486,31.204754323825362,1,37157.95227434725
54.5444403568941,96.1173154653296,-6.881163913169244,0,0.0
145.7673124081441,118.48155693190353,40.072393721001475,1,4354.477247345325
144.3670942413167,164.93619318502982,37.334445970315926,1,19184.533983076264
37.767344373804626,69.56184158043861,17.855562848988107,0,0.0
74.58727588385781,135.6032305118127,29.716995903631805,0,0.0
45.13174647251545,113.1463927991582,2.0045079228623877,0,0.0
42.72607415662014,53.40565403388426,12.981752925297023,0,0.0
5.53304210317992,175.7259972710316,37.514582839733016,1,19053.997075912368
91.43465009698453,159.48520432138562,12.148563802124976,1,44871.95836850529
75.40185348432922,131.6903669316851,5.045878572780925,0,0.0
7.721812687498403,170.11634581884837,14.59487130752099,1,39581.96431086431
41.79696963549171,173.45884019196046,37.97744767060529,1,23262.925730315103
136.23988289499806,141.67259534300695,3.4645633159610902,1,31882.11375335174
35.934283600045866,167.4026656727344,-7.8366884804979335,1,13170.79682841717
21.734230813683464,139.49429233385672,29.840981423154652,0,0.0
73.41791404163445,136.02815435206008,37.81847488956573,0,0.0
147.8475681165901,123.72227564303687,-12.955376503352667,1,22684.730225922533
36.30829072672506,150.54332791152825,-3.208812107083869,1,32816.7939042672
100.82033211088178,31.72102105861474,-10.061960716730427,1,46877.75045197741
114.24294229930764,176.17415183978568,4.355898810751665,1,4136.310983822425
35.64563159885995,174.3687055490464,11.524568523378885,1,41412.418630003376
109.23245229177894,5.849456606911829,32.417843587431456,1,15326.772410197462
55.167469907887984,165.16335011295254,25.580330941717186,1,22752.053270812514
94.84587458903692,25.773973494689038,23.46499972349018,0,0.0
95.0294566141342,67.02377085182837,4.666246262675809,0,0.0
80.36620261121377,148.70165125832156,38.9013287159332,0,0.0
13.543465508161246,32.15197920966164,12.990101717871518,0,0.0
125.2953743383857,163.59340482381245,48.53734566106081,1,25063.69073977509
48.11700974576038,166.42683559154838,24.389949680701577,1,46428.42081406294
27.977776559978135,101.49354675216725,-11.161468090484808,0,0.0
6.116271233214587,1.277174343366716,27.33242934528038,0,0.0
88.63394147823627,57.407626634982556,2.7572810802189274,0,0.0
101.63465427634236,123.38538367514845,28.042903768026818,1,33103.51201169257
2.488174339178423,196.2372356054847,-15.125119628631598,1,13751.593301276238
76.81395874489215,126.36270540333368,-7.758299397682842,0,0.0
33.97436627969069,51.96071621283196,39.90160812340504,0,0.0
96.77591856141748,126.80114061992226,-4.097431008353958,0,0.0
26.154964350748717,107.9970759431711,38.59287876700581,0,0.0
103.64066071536989,155.96907903022873,-0.4506738081912687,1,33546.749864459445
58.01030194508061,21.396127765391682,25.001733704109533,0,0.0
140.50949831051017,152.2055805004056,28.590540145688173,1,40892.15859396693
20.628141621898987,108.25331573522206,15.885832720153708,0,0.0
51.159952657538774,192.59840077179894,1.3717473687711887,1,6411.161307144031
17.021028186088362,68.37443320773721,-5.1148936540232715,0,0.0
138.7040427417844,126.52437862678963,-17.676745180630164,1,16180.53689080098
131.60090300714714,186.4056211020035,1.2762480868506678,1,13247.89037348344
38.69124415727334,20.50194559813585,25.72139533718981,0,0.0
98.99760690512686,187.44569744729023,45.68133729139379,1,27242.136929103955
122.58333003018238,137.57714446016266,40.98431375841364,1,18487.4127833844
83.28012173991935,13.56741182103438,33.624534357471184,0,0.0
79.44758675340097,60.19271338936325,35.19131402773091,0,0.0
36.277843635067754,141.6344177290563,26.54894324331967,0,0.0
13.965415170884881,13.47012029375434,-1.7799199703797903,0,0.0
134.58236369299902,116.43409203525465,43.50365214940809,1,45775.633749789704
135.06270857449957,69.17661139059135,26.95126183340838,1,47687.93583312279
94.96521859099019,124.18310355349543,19.230844168630796,0,0.0
50.854468657305105,9.148406762502571,-12.230737155056325,0,0.0
52.381436191899134,174.30736123047527,11.293888066449782,1,25776.073517675984
108.8933518305359,194.6977938354794,12.22507898413484,1,47114.91981415
134.56653899288656,193.7755710571383,40.5194526665869,1,43939.652223973266
133.0629636397676,149.93036634858495,18.265375413145193,1,6025.8301665959
116.98133187864357,26.017248026126396,6.628038427928676,1,20243.806420299396
96.30474692314317,151.6526391858045,48.376022995746155,1,28115.18829773882
12.620994749257324,4.917383291760302,-12.249558467157904,0,0.0
24.244307114192065,4.424710305799451,9.578389981836121,0,0.0
134.78312827906188,64.72204382990824,-17.05827273800163,1,43082.02178723958
90.9643589489385,97.72863808093315,31.793288453685122,0,0.0
1.3795577424944472,154.08148356155863,44.26535865394054,1,42057.510367738374
15.220731429904816,136.65907532130103,-0.3973869314657392,0,0.0
99.52526536620837,89.18054127534967,40.08391737593846,0,0.0
0.759237576932803,54.72533325633317,0.4552761323328447,0,0.0
24.1212077126248,199.42490003154222,43.75391131507406,1,30916.790995755804
82.31006840498792,85.2362604471946,32.77733325177488,0,0.0
103.784279653904,90.2774048659351,36.3434743789007,1,34008.62545627048
97.79418892539007,32.72476423833383,-18.739541107968186,0,0.0
33.64039641908397,158.96190974998586,47.39672499518181,1,35003.529934997685
106.82688320213038,138.73644515629772,30.86696944492263,1,12250.309876944464
35.58736312452001,44.15392255775208,1.3325766770293335,0,0.0
48.80995472389016,16.476209123168537,38.05762654011929,0,0.0
111.97371076770362,136.0998604149426,-0.29351611095490426,1,1097.614625734443
97.4449348570822,130.90224285622705,41.092768769628954,0,0.0
127.38351157412669,54.65190539964186,-12.11937267116441,1,36887.651403860575
98.64193384505151,190.17271245008206,29.258018422255702,1,26231.734145749713
85.24629050032074,30.21157835618005,17.848893365143724,0,0.0
14.051215174213871,86.46696020852038,-13.242587086319144,0,0.0
55.157370458915025,188.72318403351977,-3.0674320218812703,1,1937.3193554270633
39.78035515225882,83.94546338522446,-19.131717460587964,0,0.0
36.59844650686254,127.70518953281712,12.813757582515407,0,0.0
145.95158321286684,79.51887959255886,1.0885682532000267,1,12835.305243382407
58.96465870001406,54.84304046973401,21.885023900843116,0,0.0
133.806983276567,196.79552959196565,0.8066465396032036,1,6161.928739585326
94.67079389958943,81.8668012630086,0.9943378054889287,0,0.0
119.22169553124726,178.8198407358269,32.02352391121224,1,26442.003968230052
75.39556396577882,45.990921178217235,-16.630001481515258,0,0.0
86.53558269395387,42.62094080501666,43.202649663439104,0,0.0
73.87765407282959,6.226816576902272,39.6584712073827,0,0.0
29.286448169706674,130.333365075177,26.746327825848454,0,0.0
108.3678172892258,73.70526874475223,21.5255099075169,1,12475.965175390373
42.11585436612837,172.8716499679274,42.461174869775654,1,11758.142238260296
3.647394964718076,94.64198133831144,-7.026887432989989,0,0.0
96.82084438607517,193.63868558294433,-14.472158646641997,1,31198.72381036048
26.56660191105734,37.10510314062423,-3.2342881063323325,0,0.0
141.06878765293715,173.72463359112217,35.62047950901332,1,21372.980072642775
143.0892865503881,155.31937055834834,-17.573081329146166,1,22018.27233807707
137.22965853306727,154.1843689288104,20.796478455844273,1,27504.34518806596
55.52380503831666,168.95664562337754,49.6806261333917,1,35125.06054476926
2.3184924793301143,152.20479818859977,39.89872656862776,1,35405.158712909644
139.2477843881588,125.24406432628308,16.501198233051262,1,9413.001477567028
64.22762224759715,26.248975536477516,-15.545136349935035,0,0.0
144.99822285655043,6.505235898250383,38.19614600699969,1,21185.946656670996
144.54299656338793,184.16956956313737,21.928495572404735,1,43655.821347199824
127.95141832010401,123.33006290414761,-11.954690205830321,1,31939.527139700444
44.16733381043785,159.30745819523526,-13.429990062365066,1,27092.699254383107
57.76465929028879,96.30447030251001,43.67387736056147,0,0.0
127.67050072752853,23.461637792478896,26.844018405665494,1,30676.25657684716
47.53830077344165,25.037158440510087,38.05007595217289,0,0.0
25.423912002913873,137.11305744579428,41.528523019758715,0,0.0
83.52018936875253,86.06117897989253,20.02406464338256,0,0.0
140.42321612411715,40.104945340067346,16.221244622852886,1,34911.60870419408
104.40446950124596,98.31890934828738,10.129918722469313,1,11106.353577971478
85.50917551340474,12.841787415026818,2.1862611453783494,0,0.0
14.57647406561528,116.39428038287976,10.421717260109823,0,0.0
92.25108400487547,53.798680887019536,34.17157590111095,0,0.0
148.50807751563949,159.51182012743763,22.13464017105921,1,25882.448133980175
21.012602285478604,62.07239178471475,42.476630296839225,0,0.0
77.74944785456051,91.04402981636024,11.03660100654314,0,0.0
131.60596078919332,2.324107981620127,22.496270510312783,1,39845.147565067826
111.11529266313066,14.489377558911777,24.19152871643921,1,4383.249409415386
104.55236114929019,78.49871128133697,21.41880136144279,1,24238.496027870726
105.3726125980664,95.9877669434247,29.184364115986142,1,28473.236452008547
53.92367268296327,120.00410962386074,-3.3796572137635614,0,0.0
44.038776639674005,58.33251574186065,15.865464428205343,0,0.0
121.40417332177704,138.99637722530852,-12.704263803415664,1,13410.34679261304
121.51700920187712,172.0244794378409,6.915792935136878,1,1488.9600562640194
130.06084778701555,155.97019777866996,14.13669480348851,1,36448.739455390685
136.9860828834707,7.923765069671429,25.655698168183072,1,27247.173368031352
76.70135982914067,96.1013894515658,46.53717368103425,0,0.0
75.22744420307994,20.986035683634974,22.045574658384908,0,0.0
119.74427684501627,48.40900317250549,32.051574132359185,1,42322.982221606275
97.49458961666477,197.3325186534293,15.43862416466419,1,24769.63833899747
105.2950315886555,28.499108580302646,24.387282196343193,1,17347.791396006418
119.36890041541515,99.77763069027121,-15.03474487063586,1,39786.35192697713
133.50080127263493,123.63114686362383,-2.192589341070711,1,23113.41153843349
50.69927352773037,140.4929941088208,5.329716524359711,0,0.0
56.3374428959916,111.92973669738282,13.074534850455947,0,0.0
14.097290976130349,1.9541694838367318,-16.804587814833138,0,0.0
86.7420211494261,65.29226164879837,-10.198313171267761,0,0.0
5.391341069511313,103.54232867694229,-0.6229984546085952,0,0.0
69.83970271986902,17.57329982896667,48.00728836307354,0,0.0
81.3966952061365,70.12538624183615,3.1942904972135544,0,0.0
42.98118781924266,6.640621758273313,13.742874067845776,0,0.0
88.62498908535161,15.715699431004149,-6.273160108312494,0,0.0
4.575037490857414,79.38465524031922,22.754604975303778,0,0.0
5.602228312382163,26.54315080861207,-0.3521749138818002,0,0.0
123.39008409894873,113.50816965231164,-5.510519509310125,1,20080.84200996489
54.02859621168943,137.89299382745315,16.160083991218535,0,0.0
19.059076897782717,160.11733982181659,-19.614594058770543,1,48435.224790487184
78.33648900822065,40.03004884896202,-19.46351771455423,0,0.0
115.49903296479162,33.49651645181395,-4.665183362869955,1,32767.58236515268
32.37315412452648,20.91356806688005,-17.42950462494252,0,0.0
93.43357137285004,127.28604990872734,-12.438197210851603,0,0.0
12.802119749065199,141.29514529738023,3.720245453712611,0,0.0
7.752258175291154,6.3172289651284075,36.180997570586904,0,0.0
79.7031947352222,187.24244924873796,20.04340503585106,1,49861.93534124457
81.09526824151598,10.394256730294483,15.88674081694915,0,0.0
95.61448522473098,108.25926706021409,0.544217624568514,0,0.0
108.91370005839923,141.8121038901833,45.222760360297144,1,11785.454969332903
146.37781191938018,174.19382474921713,7.791052886603417,1,18175.50618002193
77.4450522451793,142.81738642648557,-13.903506324295996,0,0.0
48.443470941186895,160.34561661395836,23.194656128246088,1,4366.9702084740875
119.27792921530555,67.89003850856122,-12.031312456637902,1,19109.135771911886
40.624837689311136,162.96502274930245,4.165619996118444,1,23747.687467222022
65.84571310584542,16.02296927693503,15.51883571024662,0,0.0
11.768457201339894,178.96333121210552,41.195576727962305,1,33179.74475135879
3.8026115123186264,109.51847523074724,14.548260623808304,0,0.0
144.39726220168876,163.45955399249874,29.158113622216497,1,1409.820411965998
125.39701807683088,90.46365690366002,49.49717872993493,1,11665.702579446266
104.3961309140547,128.71553903930499,-10.795761607141287,1,33422.53013159297
61.34294166214048,105.28053218722265,-0.7687932136336357,0,0.0
25.994148010626866,146.31790435106637,7.620325291835247,0,0.0
23.46555640066291,16.325996406117916,9.527972497718196,0,0.0
37.5364347246893,12.07041679811276,8.771475268588205,0,0.0
82.38399970591807,49.42064680202929,43.53277017895884,0,0.0
107.18938840500935,31.90893602263767,29.982285112679953,1,4256.7029630373345
99.0296065076597,174.35671331844034,22.553364986349266,1,38559.23742709665
41.99008454189143,43.84279747160886,1.6560902503947474,0,0.0
143.2297920994791,195.17305116382627,37.66532689549063,1,39316.03888074
110.68453750436528,67.37915835422137,46.85423580394922,1,37835.60262739618
83.15310787671011,36.423583137739854,37.483879778515856,0,0.0
91.75811193515284,157.93970142849582,-19.890442636596898,1,26382.395253826617
62.94000936416849,131.74155510017522,24.54809591283849,0,0.0
37.15964842517362,99.6391432906278,-16.42052329905295,0,0.0
53.39590179768924,111.07271018752624,-1.9674945766394707,0,0.0
113.67691656965536,143.84035565445276,-15.833270975655982,1,37370.40617275527
2.1590232944633803,45.690948266259745,22.265681706457144,0,0.0
17.410896076037435,199.26678321134838,28.061293944482472,1,10553.784795114172
6.900396303262912,194.9586324293566,-11.985865335386642,1,44630.066343747094
6.109320347845521,130.06513726938738,6.868721813148564,0,0.0
128.3190876016511,39.908490185829024,11.936555626887941,1,45503.19594631582
105.54867890700355,136.04564848625827,5.83371152326416,1,38177.050737032114
71.12607436309878,14.439681795835169,-11.528249966036487,0,0.0
14.675124097650222,6.130500441161213,9.32634531312328,0,0.0
73.74238126752485,51.53657770224274,32.58246334658927,0,0.0
71.02076561708485,92.52459134786326,-15.029463482672117,0,0.0
25.980280486502277,173.6545010816761,-14.387399014266759,1,31987.17489209098
65.07774738569596,145.4338139532616,4.833990428518895,0,0.0
59.775710159606014,148.5413042399962,45.92079981332475,0,0.0
92.37751470783247,85.09866688961507,26.800085270603986,0,0.0
95.26404763014656,69.18699850939258,27.506896967079534,0,0.0
6.795601465806678,74.20775259692054,5.334399358650547,0,0.0
56.19189219397068,197.52991274721157,21.55625538459769,1,16377.513602996361
93.87898735713546,8.021838282496496,-19.290817118057962,0,0.0
75.47043878701315,173.40629922448971,24.526723248667956,1,11530.719214783396
128.47347617824835,115.73508171447868,43.93008633033657,1,21817.69130053626
98.80404474284175,87.7230838379181,22.88014278413734,0,0.0
24.440164062214453,145.0515320830273,41.15890154264415,0,0.0
10.585312110064477,97.33378828494057,30.67811388262657,0,0.0
96.36289173094734,174.68464761633211,-11.560910851741683,1,4771.611799662829
3.9766965812432717,180.1403728022517,43.17173151000892,1,35111.651111758336
87.8663371910195,84.34418537469108,-15.348930895095759,0,0.0
141.03453621374365,55.36555944701031,17.377723078343465,1,41269.71638268261
86.32112668138184,118.47006571867244,-10.050401334457963,0,0.0
58.22548893097829,182.4726691233382,-19.180537248836714,1,40015.83107652706
96.49323276635297,42.132437801133314,9.542398208934731,0,0.0
68.73793357372749,124.59331671269655,0.6528495357909385,0,0.0
81.84251839739024,126.31204401850411,14.020034565832212,0,0.0
141.21972131647877,146.6226044830562,20.403992071418557,1,47014.355493064286
57.91539567011614,26.31353702545196,-16.938264938373685,0,0.0
144.17858457358713,143.16499293641772,-11.389769341337805,1,16901.07820859176
135.80259629340955,181.8065041331282,19.104967751529777,1,14206.081252321359
29.368670218394467,35.93662177404839,4.021714722086077,0,0.0
10.404195131274818,47.50866498477553,31.04214412846136,0,0.0
15.116700206613999,194.27901880832792,25.660415401435777,1,11717.065036898437
2.733273847732459,36.19539054189795,39.192305409293475,0,0.0
14.16644411338926,170.8770186739158,28.474497866845773,1,13967.116319342509
102.45101601245352,98.45557128960695,10.095175417310369,1,33436.478294899556
10.678297269034347,49.44621488063541,27.107663567610267,0,0.0
47.846344544064195,174.14998025450228,-0.7233178021207038,1,39123.236914088004
126.73129664541818,89.0610510005331,1.4419449144748882,1,38281.7152156083
3.4907903603738797,102.96347078593804,35.228961194455536,0,0.0
122.17027238834036,71.84667387995314,11.249366148110752,1,5330.862402241417
42.27821621600999,118.59017028698548,35.88662383628468,0,0.0
17.724724143248437,32.70477451700455,37.56956615677949,0,0.0
104.51057480462259,78.21630733035214,40.029363636289865,1,22184.965093764018
94.34142701698259,193.8824644670575,44.164466508884516,1,2526.305546876162
131.62080202905796,51.626686540225506,10.168965435930737,1,13719.24601447741
110.26065657058287,131.34733290825844,2.3206772824797177,1,2650.143789848737
120.52213955772729,65.03801284493898,20.75391226158797,1,44080.102857461134
42.30518588569597,154.69462513732012,5.982069640633931,1,12926.437477707994
26.615931566958423,26.174732143669964,22.07519167601631,0,0.0
112.59221274612875,193.96420901570895,29.391010385067723,1,2909.98671239539
121.0252108900896,90.75790827672785,28.188351294449582,1,33675.522173977246
148.575771300101,47.21009266929279,6.218702091408495,1,16828.3399419506
61.89265153671397,14.69934946600253,-8.319785881087302,0,0.0
55.802712868917475,33.95158101750815,10.137053692354527,0,0.0
116.46194411129953,103.95478971120353,-10.018409914266389,1,16939.240299725643
51.120531037952674,67.40063528625726,42.30679246286658,0,0.0
139.6135988405347,165.77667317652188,4.211422251650021,1,49811.72600144016
128.76191277645177,86.17750473236119,-9.187817694367336,1,41445.36754207346
64.34910410625275,49.742854517525984,-18.218656806597437,0,0.0
112.6306601687246,123.428997320806,25.207567040053895,1,13201.428069345406
113.18143111270236,141.35544337708916,24.583162221832026,1,29258.41754403006
15.46858032538989,33.408381580189975,3.8422916606904174,0,0.0
135.382936001935,33.52384325766353,-14.98016778066443,1,5650.978904261816
75.78785586717858,7.334285386708594,8.674022642666241,0,0.0
123.96861991616124,147.2804030131281,1.785224654437549,1,17005.323221869636
48.00744015459176,132.76090552436102,27.398444781450657,0,0.0
134.32848427443008,94.92617514996277,22.404547461688324,1,40526.58759831401
58.38025181012447,168.83408979383944,5.5215609738278,1,43043.14027935423
1.625647722044754,161.13403059001064,-4.747521202150693,1,49883.78657270567
135.80729646288955,117.07087287935043,49.16251763089143,1,12833.327777586524
13.693001517920035,173.65425610265171,11.78011348372804,1,2977.1905161252853
47.89704563856223,41.16824200735365,28.17919650461659,0,0.0
142.50929505762073,22.383923879545577,-10.161292269514746,1,7373.952821618401
142.5910720406334,53.949922303397926,13.991278976157844,1,2098.868568940701
86.01568321849291,11.417371217862971,-18.072429609137416,0,0.0
94.77558182546989,106.2339056002064,15.381858253731494,0,0.0
67.26682829674796,187.3211384589923,47.48121849823916,1,28742.853870028473
43.98161575470968,7.868708133701929,6.894469909006016,0,0.0
49.299681805487396,24.42198280200536,-17.27027911975619,0,0.0
100.87776841155576,90.43980565668706,-17.833094635645953,1,12368.890835131726
112.85617941565201,186.77500350558097,7.159073196280865,1,1704.6908575321663
118.73685655887728,63.2312209953501,-8.798254447576417,1,38453.31593538494
118.44272141918309,101.44696173767849,-18.365353257026985,1,31563.411158336447
13.680915457303556,8.31457181007842,32.93495297651238,0,0.0
74.16304570538722,29.668640192417772,12.096610621732346,0,0.0
8.633814002496642,197.32602459176937,0.24713403808581802,1,42018.861763701956
82.42933234856034,193.0237392872091,43.00582281115365,1,31356.783801778864
66.22957520600656,0.9879961868819231,-11.870272785963207,0,0.0
133.15562741374495,190.36235708464778,46.91431802687235,1,31606.088357612047
52.6372518828118,127.82398756310008,1.9776702164146975,0,0.0
17.56005246414088,173.58365890400444,42.188257061607686,1,29759.888821386445
21.44875230792538,90.94797112677182,22.206001353562307,0,0.0
114.22659475762083,103.11920571585004,37.86951518190412,1,49543.27869622252
92.73270949743916,97.76931605138404,48.880921424732506,0,0.0
15.168401418418537,133.37285150922088,0.18838064731220072,0,0.0
12.616020917249616,27.93025095126258,47.2794839785315,0,0.0
105.145369718868,5.9947179745355905,7.263732643169426,1,20072.293112897634
10.914450954629029,61.58598831823818,6.985833331584562,0,0.0
123.27900889355344,140.93615254732933,3.827097297815399,1,30245.741967500213
105.93633407347443,40.370690424589675,17.898532514330967,1,46480.92280758362
12.202317096284965,134.68648666498348,-9.209846977505903,0,0.0
12.725657112778787,193.98240922145408,18.759803975060784,1,17753.358627169026
147.99593677517632,18.78014315788368,17.919336868700277,1,26856.195844863054
56.14061936341805,134.52042364502526,33.3331268823409,0,0.0
55.596322060033636,88.75004386091423,38.355497335630986,0,0.0
121.91993508862538,173.62845087550107,10.830894521869684,1,49074.77748552885
142.08728660757882,35.42995788947718,1.1633274546045627,1,32825.93755566492
147.90015957343064,138.5251904452329,-1.8465571878033877,1,40416.2889241962
113.00672778884125,167.62305792962204,-6.376331430658965,1,36039.9079029013
56.43893782963737,188.92284389480466,-15.964669246068258,1,30064.752732933943
12.525107504800314,136.64960565792916,3.971358518429934,0,0.0
116.57203738911552,99.43495280168545,-1.0826615508451738,1,23283.452785080393
83.76063746037076,123.56944804024278,47.64921701064851,0,0.0
63.633301387046444,173.78099689574364,19.039617837503073,1,34199.049080300545
135.9531577642104,114.12194932776593,4.309392732135528,1,19283.008302696795
16.679622345922702,6.077411939367372,20.63273206955872,0,0.0
73.89376564362887,186.18973910139556,-10.256230905801315,1,9200.49457960227
1.7030467151128603,137.90535020631222,11.083062444154205,0,0.0
70.29909629911894,135.30267715544932,23.836402499474467,0,0.0
8.445491352275603,43.13503047954343,14.222848225471594,0,0.0
17.82268744021079,131.77709404653143,8.124516045802697,0,0.0
17.628937016565732,78.77288113083169,49.569387222978875,0,0.0
97.38154531740953,130.24659540829842,41.62203335042489,0,0.0
111.9067318898135,21.318606061598146,23.63841707116081,1,32161.07601450883
87.50531476457394,131.5690609206072,19.85641528275979,0,0.0
144.32588227118129,199.88274515413332,23.446233587720883,1,9788.444504172809
56.23058692855561,9.642407772111206,-5.908152452429672,0,0.0
42.85681294227911,195.43483684426346,7.659642028502304,1,23303.427594949164
130.28986922841904,81.38159214457413,-17.237832697637046,1,33720.2689885545
33.5393757779179,174.15069006745182,13.288222624077868,1,42030.98690873738
144.4833809160917,156.4770968116547,18.011720877036424,1,9316.693000269235
1.8231712034724512,113.40325219733356,-4.057518472775328,0,0.0
145.48182400614584,147.6898418502653,47.482019301585964,1,39176.026733393555
6.473986792586417,175.7031122602696,43.66182276560694,1,30875.17383247818
133.67146705471066,80.8280643302066,30.550026481913413,1,35282.33891148397
79.15516636294498,65.40663231264774,17.33706401357538,0,0.0
148.94471941789504,133.51867711271694,40.897841175337945,1,40337.735806400524
11.06948471030983,161.56918838825172,-10.854335932357596,1,48085.08719951241
83.07814266019811,152.45702695532316,35.33568559924195,1,27260.818863753793
145.39538034286485,159.5627297717269,-11.262543022320619,1,24936.286000335363
78.46467662552232,87.1166629625866,35.59474637845838,0,0.0
94.40979572028938,163.5668432350043,-0.6962702224050119,1,8530.861099366022
104.36230334769257,24.04181107412169,41.39634067127322,1,29057.7544112191
68.18115971516599,108.89781959216991,46.08294656777785,0,0.0
94.13371201260952,1.151732099624314,-9.584282141641905,0,0.0
87.64714678846504,64.91716598005407,12.387292354577546,0,0.0
135.17370157364834,73.29230697427957,48.66911647138795,1,30049.1688448974
6.81695705121868,79.23453832185108,13.838520518120262,0,0.0
42.14447843883455,139.09344133797242,40.44832657601816,0,0.0
142.56172261148382,77.71162025406915,21.21120654919239,1,2555.4445032764424
133.53956758363745,89.73872452450613,6.273093554372132,1,21743.422063506678
68.34851291785694,47.50882617486549,0.004848886810915332,0,0.0
93.01988967023051,74.65035832586801,-5.7743836239738915,0,0.0
41.6071774471699,45.453925452630294,33.32587339643881,0,0.0
28.218173958564197,14.639184753688728,7.0578354776119525,0,0.0
69.55476074099732,120.68971867627558,15.789282354052581,0,0.0
53.00283420390792,133.64255971100326,14.462783600082737,0,0.0
87.5484167776308,123.8980692019229,20.409532046319185,0,0.0
11.660195544747726,92.69880876011447,40.59040019371866,0,0.0
146.15922114992497,75.95715603584597,48.651754050840054,1,10636.025662694976
147.93161167194043,172.66672991436505,8.530894600167187,1,37133.87820276318
104.72425710296177,103.81635702724361,37.92632454744121,1,15039.457897429025
80.41445495161805,95.8363755259462,33.51694562583024,0,0.0
46.429142442949164,5.1284131612871375,20.147026601890126,0,0.0
122.0692529560423,68.24956552523128,46.923300052835316,1,2471.2742611402477
102.70967588308189,76.03912375717141,-5.966783913011804,1,44970.92742375567
24.392540901733696,79.7645561793801,-12.351505278326501,0,0.0
136.63907767407636,116.03447384546645,39.77733768687955,1,48695.748339076235
123.38058643847535,106.72050934537569,10.740487164362381,1,23785.466358794954
142.4699869937886,121.58101855868892,39.28781979449423,1,42522.008597997316
108.857926258254,152.97665230842566,42.516314363679044,1,4057.3093613155843
92.01227939036848,162.5971477432187,-15.627968446665,1,17428.67345383649
62.73645544359283,143.62461524529888,41.84253340902425,0,0.0
139.909272503102,191.10473919098695,11.382333875859551,1,48791.81354047445
129.90958342506124,3.646516535272326,15.730274230296253,1,41031.721456319996
6.782800515928411,39.15559713670922,23.861475776524713,0,0.0
3.9550461745878005,1.512574995628424,44.84678247110607,0,0.0
56.46950503170744,129.4949428309206,-18.66187338991652,0,0.0
121.58299961727494,179.6061097899974,13.379042782247197,1,19894.282033153337
148.09141939724168,48.69645931525986,28.14054297013925,1,4480.709563156104
22.562533665529227,185.40690895926133,30.589487038875994,1,11328.861975951402
89.11960730282027,12.05347805791217,28.477270207597556,0,0.0
57.13362849465323,186.88720536110287,-10.58954094143147,1,23986.253341331354
145.48715967219047,70.32453744792689,0.9576911860176871,1,14159.546205228487
126.3178384703563,20.284165689843302,5.110086779190944,1,5947.927234070294
125.74930570667068,97.17435183726512,36.31060453756535,1,9207.063365611277
70.30397396924555,51.35531354410159,-0.4868089309812902,0,0.0
62.222925350649774,56.97458039238457,-5.2506525292957775,0,0.0
41.011060789605935,61.45799298525731,47.02136133266673,0,0.0
8.456324497639066,160.60517956653268,-19.37957004205718,1,48420.31179820854
129.708356438258,107.8322553350509,49.847459897738474,1,22547.283838887517
121.93515136951163,62.26153983120073,27.377490920017692,1,14640.055601470172
149.95765099291958,122.06675666218368,37.992850961438194,1,40116.36666325015
149.4955255610858,143.2301348446387,0.6233577442335232,1,16986.441984016194
83.31475584039411,54.52480014670675,-18.9979305633058,0,0.0
115.34811227707658,82.70982030507031,31.650866299307104,1,12392.793618183729
141.7148594823642,24.37721866738951,38.3901217900473,1,7354.269932987532
127.44710860161172,36.22986990693606,31.833329236746337,1,13566.689989821532
37.10221526147965,136.22357079299655,-10.000479888941298,0,0.0
67.58162029651403,36.28766953912539,32.739954557987836,0,0.0
19.373912272724247,105.03267673341203,33.82459474753487,0,0.0
143.10765408880835,141.80925234448654,26.09783609690384,1,11314.840043601806
90.926195167632,21.375384618948768,33.62811529569103,0,0.0
34.296420825519405,113.4624439257807,39.21450077744125,0,0.0
100.7551026608785,51.312556740272754,22.95228799662209,1,17789.612179603555
92.71923606868438,192.58537504751595,-13.797670022122466,1,43368.28717104886
53.72440770492607,96.70912934398494,14.13394667670476,0,0.0
17.03363882994435,161.19850995503162,-14.564546572987645,1,5054.104945291305
100.73597933891995,110.04530843125235,8.52801217227016,1,24742.36175892053
78.046155135569,8.682506570963833,8.497454238793935,0,0.0
115.8477587603459,126.63027511880446,-15.37931091018309,1,28607.00985970885
78.02452516679901,190.28066844133141,4.417437377863553,1,40386.43963369028
127.82722504778101,120.32236402926624,-12.230133084607962,1,7720.275919484415
82.78602581617284,163.83777188535805,36.57646470064555,1,29454.255143159964
84.14069573030794,176.84129266968156,46.338161817512955,1,25769.929259103334
131.49804039875175,45.615954389786495,-14.937846731944298,1,8059.860514646779
60.522429931859556,42.40896798164533,46.8580645104191,0,0.0
20.10228426759611,122.19619777019834,16.580361953572158,0,0.0
4.3174014470008455,82.20569396134094,0.9695974567711723,0,0.0
113.27058835104285,167.97226057334407,-14.619654730668554,1,5031.343889576032
93.0464327030197,180.00462467960224,15.043698764929246,1,23519.61880346753
105.61196521488354,70.68427586054362,35.61608811435241,1,16016.709934098195
31.94462422633661,47.374111794896415,29.49605340866887,0,0.0
20.455721338015465,156.10510304877238,-16.484179197521836,1,3791.9576228710457
2.181699850182289,54.96120710962722,-14.896871524246755,0,0.0
52.58813382098955,164.5228637027357,8.201129784284596,1,23463.139782440463
88.48765302819496,84.74765072975256,0.6703345833560306,0,0.0
58.836606764959846,133.5099798582941,-3.7330973860766505,0,0.0
65.62123830355937,19.107062766933637,-0.3296850763900494,0,0.0
135.62380417406226,124.7718649353146,36.243792030781925,1,39075.41499693605
52.23832005349505,90.35353574744582,45.045963754229774,0,0.0
77.09842337397161,117.32169263509482,8.357188616929648,0,0.0
117.54795191117147,33.602841548972684,43.42777014927479,1,27363.112562831244
59.481417348190526,147.37474898883642,2.5046990873517387,0,0.0
93.31300503418102,172.5594155086457,13.350589044065416,1,49483.10541728776
129.35455631201177,43.34796001815513,-4.17797015288002,1,44586.4462411444
142.42809354864633,19.142911104032343,24.833322952309075,1,19201.895868594464
22.06102213935569,4.727717209267279,48.52867806223662,0,0.0
138.98814377422417,128.3943000886532,22.244516723036504,1,24980.234332922846
73.81744396193073,121.41880721775615,5.04698588794842,0,0.0
38.73665824484375,109.33948254281401,25.347221219336987,0,0.0
68.8703634357392,46.389419223195084,-11.39555250742287,0,0.0
147.00488629282157,78.18119918110294,42.2061356185779,1,42073.290633008226
73.89271409893044,118.8952670372346,15.215876554588547,0,0.0
49.31274154312623,99.35337177183388,11.454481942774944,0,0.0
95.01012814750887,197.55710404297747,21.010535191746342,1,20933.435246634454
36.02184281672896,27.287950511346626,23.73487039525817,0,0.0
11.379499216299587,139.02891080951875,-14.975693564144088,0,0.0
19.331958286597384,80.86375362085843,27.78320548563817,0,0.0
19.206875843665866,85.63992298512295,-3.0647823779129304,0,0.0
22.78540402684415,143.51955313163523,29.976684275461288,0,0.0
20.82407589741152,138.48723026487392,37.57743560689377,0,0.0
96.13121172048218,198.25119874043767,36.27709552867642,1,9599.089741686512
27.282012659871725,25.678857890825046,18.675067718552242,0,0.0
51.85009249857948,20.821929876833266,16.41189246175258,0,0.0
134.51826148590177,144.86776342574822,-9.99868270624118,1,24991.598640461994
71.09424603943086,115.67738340128182,34.27423052821949,0,0.0
100.13366077815408,54.83213331196117,-1.0013433687299944,1,12261.509564083302
25.847980680244476,15.883873797797321,14.76867959725626,0,0.0
28.843352821300616,17.131649919286108,-0.10081349507382953,0,0.0
6.1302924399718295,178.83817493282365,-10.63201459002148,1,33421.69572183026
25.340259460824683,38.37346494374858,24.069038782421558,0,0.0
41.78855085479379,64.67431242310415,-16.196757562396733,0,0.0
26.551572641512024,45.3312804453976,32.405166388834,0,0.0
13.305380063558342,70.99926116638746,2.231075668278166,0,0.0
18.095380665090122,13.884768549218673,-19.990571489686026,0,0.0
69.11681520490886,103.81195818165408,15.779039746606088,0,0.0
30.950057760868876,13.52251271844298,-16.720366403067782,0,0.0
54.64047915721132,160.07130156447232,-0.6681309525370374,1,14999.670815383626
75.51259062822854,46.7424163820866,29.48835412190013,0,0.0
103.5592242944048,108.00238292090212,-15.61172648646939,1,48526.39974191435
5.8968209761648405,176.01581751229165,38.753694464920166,1,28991.763026917768
119.91155983635639,130.17547380943884,-19.732605413899183,1,8007.055010620594
94.18505842363616,106.59155731026706,-2.7223291558668414,0,0.0
12.263854792330786,64.86675062307512,31.863283930645004,0,0.0
131.03679361601658,66.60038261163959,2.138910481051475,1,19002.14570615645
138.130860079772,133.89739103963802,-12.867532835379052,1,5263.843696836649
9.161693978229563,198.8278722442335,5.2163743160299525,1,28282.46063548121
41.53164722208056,132.36783796987572,-1.072469953083214,0,0.0
120.9301919689592,111.55668347400498,38.98983315123884,1,40000.392970031615
112.23895355754875,146.13010204784922,1.9343542309600181,1,9581.033866387308
27.6781529034566,93.04112245674364,35.22527302432051,0,0.0
31.402398500506546,12.028468520157043,42.43105013675143,0,0.0
55.5708154187073,112.45936317558196,10.367219370357066,0,0.0
72.6784477786532,191.52505690107603,43.69602006980744,1,43829.516891954074
92.7382157295444,35.06058847153193,6.412263777423497,0,0.0
55.33704593546586,138.00097816413316,47.48548915430757,0,0.0
69.38020741997218,40.18673773181129,-13.749733283209896,0,0.0
112.12064072006348,107.16553689461625,28.091348655226994,1,43662.782672150366
5.502480433589685,19.335289929343922,14.566982831985008,0,0.0
37.86554165160311,90.07418725163703,7.135416381895293,0,0.0
107.00243788268287,151.23266577904923,24.289831512402067,1,37763.02243300327
134.2810256530799,69.51430484779641,29.26999641440318,1,8450.379803800097
76.75161631734991,132.9823448974436,-19.694571124478365,0,0.0
79.81702278979735,159.08999215794583,-8.31328378769609,1,18209.749980090262
16.07580170096641,185.43556389589054,29.913223544402307,1,5595.049786593808
67.1118550235182,46.928416371090705,26.646978950474455,0,0.0
79.89258996825347,79.86318316186163,47.62332535900741,0,0.0
36.37057554520945,30.483202666083486,33.27264531755481,0,0.0
40.38648464240715,198.49670043167504,46.55408954119366,1,15281.5847611959
56.5926244656934,185.40019358485907,29.177835107436486,1,11169.50587407947
3.0106796666589553,107.99142605611192,0.8636546047610203,0,0.0
48.31187483747674,168.40665887528425,-12.624455442440047,1,45513.29304208939
31.717201049481698,104.19159545440844,34.727670434145494,0,0.0
49.124602826687195,124.71713760055194,25.090445503314115,0,0.0
17.964319772887684,17.824886423203324,-16.626979132469263,0,0.0
133.57909211098425,151.05408409936157,5.203532613068482,1,8570.117996241364
89.03886803310729,25.542696727046966,46.97598708390004,0,0.0
101.86534787167344,165.21352605050566,15.028080199714083,1,22069.275491931927
118.37568579110075,156.40561753407718,10.291039521379325,1,30248.62383678615
74.76632983935859,141.74893954859527,12.038972361150577,0,0.0
13.038043213113554,7.232076104952423,-5.37820931963854,0,0.0
80.56598127278217,60.62567118906572,5.809501960535666,0,0.0
88.02616770313188,52.62251398216857,5.886927919102362,0,0.0
111.8159211276495,72.02728149430382,-16.335148586876933,1,9364.709802311529
64.7489319344519,17.52854935276771,33.72973399625428,0,0.0
19.137045419334562,187.39156460621257,9.155310233271528,1,11017.97025074938
42.56638586980867,110.76044814247525,37.55259207714963,0,0.0
54.46234445979526,61.10486213160471,39.524360078392675,0,0.0
96.88758619974018,79.39630341485669,-5.160416171093935,0,0.0
85.61674570033678,89.44050810096714,26.014743751909002,0,0.0
53.414508884676934,120.11886667212346,13.059726291408722,0,0.0
147.97728731894696,103.13588553929955,41.610971654503956,1,25562.50658666074
90.86622290353307,183.87839464288348,-4.898152457648212,1,3461.9074813261245
35.584018760399175,99.39269658116605,27.446924021703097,0,0.0
15.267370893060562,198.43160296466255,22.542648557690583,1,28006.83813390223
22.928870877649803,170.28499154901914,0.6711034300282961,1,22470.75204916888
36.89365925767622,41.70210287146716,-10.437936744417918,0,0.0
24.10220598893335,186.11904292878324,25.614783233409362,1,8873.299650880414
27.985053607695864,23.273279577095217,31.701822069263144,0,0.0
42.76427530407707,163.4899416982383,2.0939140634345,1,23002.899628576168
26.006039294213224,76.12465869531601,25.138282281561963,0,0.0
134.5148136939638,175.5948640890139,7.6591635328052305,1,3431.104293603035
12.03506184924633,173.61133802149007,29.92448182978324,1,36505.31605553382
78.6767084355382,161.18508002352422,-6.054930757416283,1,6468.056997905126
61.55952404844923,158.0060872614123,42.315050184532204,1,30807.655500380813
147.35679253629095,60.93582781960816,0.11867175259058271,1,14771.437758177568
16.805835325207852,16.183856610250437,5.745019142930701,0,0.0
59.67833985686124,80.5960357530323,-15.933563354375515,0,0.0
145.42056499130533,34.70490299730174,-12.194145137510652,1,40270.84303492473
129.82606888409703,138.99021778049234,16.11033318986297,1,20212.585268324063
122.56081064239198,69.21994530755711,-1.2685126290419966,1,37787.71281134173
38.68542405674098,195.12204017198297,38.483615801953604,1,7148.828543158384
25.633138108509872,128.1944154690664,-18.971462794153233,0,0.0
100.29648298866465,164.49611272687218,6.536583407035533,1,12609.732920425784
139.40639836913786,26.504934548369686,3.6141882738364863,1,34192.26336455477
83.51443395208946,172.40289645452452,-18.64706583576793,1,28723.29618720882
85.74190342048497,184.55143810267887,-11.294212069964285,1,46528.09114337268
41.99686404904263,97.41238376378718,8.95498724430447,0,0.0
115.42393997879053,121.25058755019549,14.500520911321267,1,4242.094252887582
28.056562283628505,152.96196018059908,8.300282307840838,1,1938.6187920113923
48.55188546063655,34.96772545208251,17.16563748884657,0,0.0
63.81546579246252,100.51321529268849,21.659217243397705,0,0.0
76.14155680266825,79.73260555446262,-19.305332521051504,0,0.0
36.36145986226204,29.27479843244982,12.486661161745275,0,0.0
17.22552371088053,73.50688445830629,47.444946862131175,0,0.0
91.5930063662449,13.634461877098714,16.33225960906841,0,0.0
43.294582986038364,5.162381389897397,27.427958722126725,0,0.0
87.18573321339184,27.03325783096455,1.8304700541818235,0,0.0
23.154407291130347,192.62302231783477,34.179396470693376,1,46727.049300206
72.17101527822263,109.90590717900339,34.10450373132806,0,0.0
79.88841488273788,193.164432230644,16.490723335789724,1,30961.71695005738
7.773530523364036,86.4995756660264,48.32096762954495,0,0.0
50.49064172908809,62.363226617051915,-11.211484966614263,0,0.0
20.162201540846137,101.22837256804883,-18.81366345772933,0,0.0
9.506245570915162,87.90233772658202,33.91107482299672,0,0.0
148.49403485849177,21.132936852348784,36.50088761554178,1,44357.90076710421
48.353076746208444,128.16526293804125,-11.585493961559663,0,0.0
121.48116687819522,43.20763650191992,-1.4092016928975752,1,14595.769306522747
38.19609821456458,123.91759097956592,-18.771334564335977,0,0.0
102.22540833358939,130.04021847963068,0.531602754639529,1,48204.65570185586
114.03417898345299,30.40497062572962,34.119931174307006,1,1503.9403008489094
89.34581109117664,12.269925422133632,16.257236939880528,0,0.0
70.73642828252376,156.15231721368795,4.366691521780165,1,35606.061965207846
61.77613712209028,91.96008475386404,6.02175064344312,0,0.0
52.330239981449296,11.632759101095157,-19.90524619991723,0,0.0
139.4293716371739,198.97326343395343,0.986036929566513,1,16282.092352422536
124.59291116815938,11.556112199273327,25.25211191465513,1,17658.62132586916
144.7540365999769,139.00704577171064,48.193611067145,1,4868.030744381222
18.64458352283171,196.73578505268273,39.29425788887296,1,22697.108690643134
109.63012128054663,47.836020843185125,-18.348352474812962,1,13791.377785507557
140.75106852315568,28.449873737439233,42.89924232723875,1,17825.948406704567
27.18495992484902,24.276987884485777,34.82388893090381,0,0.0
9.974440105016624,60.65502951351911,34.62632864996863,0,0.0
111.16809739350886,20.20916220212934,12.05970313025,1,10100.920528254095
86.17096697698679,138.4322683388264,7.8603705068151974,0,0.0
126.27431651374081,12.458359626012538,1.2041010183234846,1,46502.89754365431
20.965856493943424,101.88442562995795,-15.401359873194396,0,0.0
119.29009677898352,199.33937077059537,-4.023524555441062,1,5525.665877457547
30.24409800716168,162.79405390120377,-2.737745551538275,1,8976.758471105239
24.548391429855677,123.04388764620218,13.885394879714113,0,0.0
24.63986968964894,61.25072415732233,32.32110846176858,0,0.0
122.18620803470732,124.77916725832769,13.166687987856264,1,48435.74269108594
99.77958310443002,105.40829278233032,-15.950888538698758,0,0.0
78.4598137153679,85.2166767780743,47.04528606917427,0,0.0
53.82457261852537,26.142075348039896,45.99070233658786,0,0.0
131.58008112196623,177.32084304809334,34.96326802038859,1,24077.052369301942
58.86676611339531,89.9569297642645,49.39295310949544,0,0.0
122.48991592073656,38.924502364153014,18.113763296018405,1,37807.679710748096
65.87023628553277,73.55187017545792,47.39378451772443,0,0.0
56.541664413736136,82.8259505057854,-14.707647156827445,0,0.0
69.40196785044097,165.50757911337485,5.59765237829599,1,45313.628974699
45.20668112462131,146.7228761122804,-4.223311239526392,0,0.0
112.14140702643766,153.86097872826795,-6.291684110601098,1,38095.357620232644
75.40805851387188,2.206252885729443,-10.143793577512675,0,0.0
34.8319042720226,83.23079963595231,23.568954909619762,0,0.0
134.93618599118528,96.26883032706472,34.69252990231136,1,11409.916582578175
57.583683205981714,3.8384553646113373,20.480887959425246,0,0.0
81.53292916709829,51.96264174900684,-9.712610328825322,0,0.0
135.97081664468203,152.057964624427,36.778663895342966,1,20717.906705666275
93.63569938709881,27.42194114579981,24.516829501460997,0,0.0
17.53470610625461,107.06202629051833,7.171599428889685,0,0.0
140.97481854202127,43.0403744034475,27.189120687524408,1,45549.5879386257
94.15620796071268,2.4241549287786546,-1.8066514530017024,0,0.0
50.23584219856292,48.2402915199083,4.163454594594736,0,0.0
20.89081089950809,195.17475098201075,44.22400901923932,1,14310.025882444112
119.10377839054439,160.3074223765979,0.3353153969994267,1,10339.88182064804
93.01091338927702,191.91532886420669,12.89917877105556,1,10046.990410021092
80.01916379644823,97.57080878527249,42.30987961772102,0,0.0
134.08388745764364,21.947239735500702,29.540494518726923,1,22067.923369211265
118.28958168367961,109.59189779473859,-15.645774168470808,1,41716.50938169835
22.751231959912676,90.87546691199218,-9.688786900472076,0,0.0
46.75831016933223,168.8714165479232,-19.45108864596582,1,37011.36652234982
37.273370972169865,19.616516156848917,24.164525316041434,0,0.0
111.59194388590154,97.64822740435564,11.337139778729284,1,15109.321791123632
5.029865210366907,30.00973293879685,-10.600760436840712,0,0.0
85.48345273069748,64.935185378012,47.055388473973935,0,0.0
114.36880286110357,147.47141547755993,17.076180676193395,1,30208.015806676995
131.51484551426242,95.20362587375331,-3.0674694120977577,1,22258.352219906967
51.31226230738612,75.17765702915386,15.042249980829531,0,0.0
123.18859570080193,78.89525571400706,27.573423291457544,1,6712.57065322914
16.594760543281083,91.88935368119732,-14.663254741850487,0,0.0
126.96784376017773,157.00330876741137,-0.7707329466475628,1,45218.23863101907
19.123299349797364,178.41693778804688,36.487584361879556,1,17853.92664132659
59.59309358405509,191.06693730078567,12.176540928186284,1,36917.00525390854
119.59430486693304,157.380677251059,18.26039994226064,1,33274.40639204858
22.487614102316066,63.08137914960255,10.29712015466285,0,0.0
34.387709284896225,137.62694121730843,-16.92700401498964,0,0.0
108.33788525895994,87.52062481107839,-8.397515412589085,1,28763.657686367686
108.00548048191115,50.934124409210234,11.187914711932365,1,33194.49441347126
96.1721449327946,168.1743158851845,-5.357017421445052,1,45020.93686261771
104.092266670065,7.685269792464999,-16.501467993822487,1,20576.420444759806
81.40866650213943,180.3523984270847,39.055476483627665,1,17012.94058703109
37.769858836042914,92.29549292494683,48.6834770414881,0,0.0
51.85439902558792,127.44029536165608,35.52000117977176,0,0.0
27.23965752021385,131.87078444115653,39.76494451932669,0,0.0
136.26758420004424,179.0235481413073,-3.061600877806825,1,6118.271386907418
87.50876921491808,127.33393643344147,47.24388828592399,0,0.0
60.12771251454598,122.78671695201236,-6.215200688260014,0,0.0
69.3008705466199,13.330408112137992,46.600086725328254,0,0.0
142.0925009417723,103.68160438904081,49.63735057761657,1,49047.84312597545
23.00271046741203,30.03380016340833,29.82059640222341,0,0.0
87.93447480251959,147.48675374429712,48.680061225427536,0,0.0
75.8833018326699,102.4443841625349,19.867784569697257,0,0.0
91.71813531519717,136.04555584167065,-1.8320751776736763,0,0.0
2.7165275731260765,8.334580120476854,10.589711996593461,0,0.0
130.81858634162273,16.958403209160643,21.549265476515018,1,33277.164297624084
139.81774237254186,143.26467761253645,-14.88429065810895,1,27082.301921621267
84.76997753838134,14.416867199734673,23.564028523207227,0,0.0
104.49762358153384,14.25134555305172,48.68244857336062,1,9453.66997037174
138.37490717659435,2.42169504697749,-6.692464515139067,1,28830.740568487945
106.08579514700979,191.30027965989603,35.48165814018683,1,15521.523062151131
22.8808564371392,147.50167189180138,43.552915564573354,0,0.0
86.44325402502197,70.65028170041283,46.05911149741546,0,0.0
91.00725695742838,59.30711625753104,47.2094923083813,0,0.0
63.6196006953579,69.9406459491699,16.502174710503034,0,0.0
110.46663534370842,154.93070623623638,48.41155355940526,1,48516.458007100875
140.1550522153522,132.27412221408287,33.01171449941072,1,22130.459619786336
138.83527693601644,37.03911357349359,-8.682999463412667,1,18028.420970373976
67.62590571061982,34.82186706681687,13.383007452757901,0,0.0
16.985706876113287,19.679129942679463,30.28318227604028,0,0.0
147.72617984435018,132.06054394026762,-2.6861778926641655,1,34908.55154138608
125.83471296689012,152.87453244434718,24.843062848422115,1,23438.52072726737
18.699402180490026,53.0092856650008,26.662033533263347,0,0.0
138.12628239260584,4.188992206182562,-8.611017933400388,1,31084.5450099364
130.48445430931923,16.43433349528547,19.55597187169294,1,13390.047794255448
77.82570856891081,193.57200696900608,34.01388376850254,1,29303.955962876706
88.69131536173938,59.08895549548405,14.92269651751593,0,0.0
59.85040558051954,153.84462956762673,-19.15278182567248,1,41354.05910397913
8.2142458233047,124.93271377085276,-19.36730716444955,0,0.0
50.27958624688514,76.38792793057918,4.992054077900853,0,0.0
120.42801728970171,41.13745243911102,44.833584790224734,1,18190.136357415762
0.6948034506904288,24.277283631881286,-3.9926254277473845,0,0.0
50.02487575367163,123.00259360777332,24.4054582210181,0,0.0
59.7253040386415,154.9267561275576,-4.454689051467559,1,17080.794657082988
80.60934044068843,128.78085070822613,2.5168992761684024,0,0.0
137.97834246191408,106.06042664983167,39.362946272103876,1,5149.728751890035
51.951899154894186,8.390244686327254,31.02030095889628,0,0.0
52.04298028443415,193.69775551887676,-13.322050588075257,1,24624.47284707225
110.62518721646225,159.7428383309149,10.009141469050352,1,42204.52680974245
67.83269113347107,58.56440734019295,-17.958116544831487,0,0.0
33.690723440997296,195.99406587177012,13.662310262210632,1,19668.572409751596
67.86592741990401,120.37631792726442,26.370380819074768,0,0.0
21.128553056969977,116.4845316414493,-11.704816348129391,0,0.0
26.458047975933496,149.6146358859064,0.22194572364159626,0,0.0
74.75516591092196,162.35395761802752,7.848563785150986,1,23497.077141047364
62.83881742568219,131.29572146630053,44.367171725923484,0,0.0
137.226885160215,25.619149273240005,49.52785107960749,1,46695.18904254629
54.359084867494964,67.65350119889968,-16.85620907030689,0,0.0
87.08825254170652,185.61672806520994,33.27055464467744,1,46753.72172707203
94.83964318792955,44.923122368770386,6.020684648164025,0,0.0
1.9641684882500454,74.43340476750267,7.472073036063602,0,0.0
99.53060580250659,86.4153765888392,32.798548134291586,0,0.0
26.705395030462714,87.88099793889043,44.2898502501786,0,0.0
144.16054762041827,122.5879164989051,46.56500161517839,1,20979.657145133882
22.299409162966942,188.6151675489415,20.398581022682457,1,8899.721786781005
62.19361855905356,48.13854236650099,4.998481151035197,0,0.0
12.802450211796579,24.30027526018361,35.12843601011455,0,0.0
149.5311377768921,39.494097971987465,-2.4299031716389834,1,28547.25174216173
75.32925154968639,177.3849800418539,19.485182018346244,1,36022.910545753344
89.30775259800657,129.1621625310412,5.1004923067411205,0,0.0
10.061471608264123,57.181357847832025,25.964175159551324,0,0.0
112.49407055987668,163.18938779372345,-3.172076097454518,1,6701.565773060298
31.485838964337866,172.2739992726872,-6.588493798562196,1,31026.99594128901
134.70814341610705,169.3028677380556,44.276736067280595,1,46985.62575249357
30.770946072301076,183.7853067279109,-12.873742193532417,1,33427.108891110285
28.603158099549987,50.448204034672315,15.417053541445213,0,0.0
5.482450177214232,151.00838574925567,-4.540305192589376,1,18378.64404426906
70.8100417664999,92.107899454828,-17.274902567203277,0,0.0
84.72616998939246,168.3997105780123,-17.47868271960015,1,20757.180050529358
9.856295914252854,145.69813543232263,-7.734475952592085,0,0.0
116.32914250425159,155.28948929994493,40.673924815420015,1,40918.87923078947
67.99332521220414,131.2323675362143,-0.22648792160813258,0,0.0
78.65854039913701,35.48575389394137,46.532141940270705,0,0.0
66.11441204073422,109.00538377938767,20.71356050924355,0,0.0
60.1144591312989,196.93394790490163,10.562993283813626,1,6187.841592443337
83.94604969623268,187.47761329942378,20.606218426861822,1,18389.986490841147
23.286036889606876,8.634747159402334,16.168886965838745,0,0.0
27.28921957429067,32.96296314588743,33.11433776301276,0,0.0
129.26784315202758,26.345754690912383,-0.22527538190034235,1,33249.8313905811
141.9173193200449,145.1959819970591,4.713527412021168,1,4435.298842421591
55.99639744196294,163.55706597138902,42.58660117732755,1,20367.706456126733
40.61170097153307,42.70227326213438,46.25195592052839,0,0.0
96.59993148585237,101.1705385903658,42.47907592405321,0,0.0
61.31012566471446,168.14060560224,9.36135957701195,1,41537.80533712505
3.807953349051729,146.56030895325011,34.62558521048172,0,0.0
23.422889604928553,108.44744109836965,13.343501331076915,0,0.0
107.39583432710963,118.06953809175458,14.827789650227153,1,9241.97913255939
98.8385912865227,101.67210938325599,-5.672392365990124,0,0.0
4.0643988755225235,59.509690263764114,21.379121228096153,0,0.0
33.295824289942416,113.00439857180322,-6.970487157265644,0,0.0
34.66121948821071,137.77706041001812,3.209528934703563,0,0.0
100.78391153980927,174.66458317216154,39.85211411339546,1,36842.83162545267
2.9565806631546234,127.25827079584961,-5.504693355240134,0,0.0
15.616287297686076,152.2243074086316,-15.018920037859704,1,11801.854208025528
119.98741280597841,32.0143269909146,-15.169468517102858,1,44422.90683433791
26.781699308150042,92.31149488395798,45.85491643521755,0,0.0
97.91191617778121,1.8663239654186592,15.484430657328424,0,0.0
35.72741715700898,49.33577290432461,8.658845027191283,0,0.0
14.916208913901773,145.29234302260096,36.76150067055429,0,0.0
36.475828649918114,198.36199026987268,38.50781495373612,1,20757.321026007317
108.34003977834887,19.835619917443182,3.253372318092321,1,37867.496232885605
128.35447021594285,80.29886317225765,28.553264023165667,1,27033.406899195663
124.53297968504874,160.0141937398319,33.97859710963206,1,34194.46549018643
59.577529442768224,40.80712692577977,25.825548080616812,0,0.0
100.21277048559692,111.01698986045724,-9.388344763993043,1,36843.326738113814
30.747644312373147,146.61425920593496,41.311815846193994,0,0.0
43.97215953915199,123.1970900520358,17.73661869152061,0,0.0
134.45037277816797,37.604946923083226,-0.22693015409974038,1,41813.55606313717
1.9502885266104053,71.07691373714789,9.765972980638573,0,0.0
12.826279628170212,156.75835689707944,-17.370023672076485,1,42388.62954542099
31.1829382719041,110.84530282640333,-11.04932391443077,0,0.0
3.9798305810729575,1.0459227085825473,33.58827253611026,0,0.0
27.2153152634696,152.19815200561877,-19.99918556712437,1,45837.9758933439
87.45623414545382,7.062270988047814,9.159607993760453,0,0.0
63.21368258887469,149.14675654624642,16.57571267599119,0,0.0
133.90075666154624,40.49611203304748,-16.17559059993194,1,24717.008052960802
122.61653426076613,191.61469602387604,48.1154714080633,1,26190.676685011727
51.272602754681394,73.5881502604169,-4.171226812522965,0,0.0
38.91351501469387,65.38632326761582,1.29391037453966,0,0.0
56.95386122509004,29.777610066488936,1.2759758578519147,0,0.0
88.54424137722116,61.120843098042975,-3.8708336517855066,0,0.0
40.20954612343144,175.33015236564012,-19.8968324539582,1,14327.931661873447
93.6223361773701,199.26686752544947,31.054135586159745,1,1312.5731269229432
61.41174782868607,73.66190610136967,47.67918498594997,0,0.0
82.80707712779703,89.72212619090851,-4.299456170046845,0,0.0
65.4189793702975,144.4141876405474,26.413303426239573,0,0.0
44.16986393128765,177.2391560930149,31.93274288711006,1,36690.17186264265
142.2679960443235,118.60886683735683,39.38977653633673,1,17944.498822110825
114.54086912396413,78.30513963556587,9.584043790952638,1,33883.56469721282
21.01697636496788,82.52436816972475,1.2051633948300449,0,0.0
130.27019638468693,139.12362929936137,2.7706593816121767,1,47391.0559899198
73.11467973742705,0.6436527208557363,29.8834933168959,0,0.0
134.1828340341137,123.91786749196814,37.174562655394524,1,39381.60116484634
119.97828839209728,71.09860208827148,-7.287022257037814,1,14030.49408097382
63.78202567038502,158.83946625541685,5.965870571043563,1,49526.282885888766
3.3703962480176095,18.598127964626432,43.1358137724405,0,0.0
40.301603907741914,117.6404533896781,36.46854637863175,0,0.0
81.24513219913004,96.19457797722475,48.94008819337331,0,0.0
95.02173297392208,128.4651051810455,32.79737817774566,0,0.0
38.683152814980346,12.97071889659367,7.52366407195456,0,0.0
20.90341111092362,115.99675748562626,21.344648379624644,0,0.0
125.23953551989487,112.29691759190474,26.27099779731242,1,9877.980673454058
147.66032710553282,112.13201888323418,-14.508092857801323,1,31514.916758752213
78.85352734540288,120.69753331929095,18.114787137270554,0,0.0
25.751892877245524,135.29358744527244,29.65245799308267,0,0.0
40.84609897790534,160.99779993615394,-8.287508719925773,1,27776.468544678093
2.75860148212001,53.96414402564287,34.644220219789,0,0.0
137.14482098407484,165.0098820360124,20.86409463598781,1,8851.054447848808
17.66266243352117,99.65113645269072,46.65552499883162,0,0.0
86.47747132713803,15.411655826866234,-17.03043912551758,0,0.0
41.1082831030809,11.71018584879584,-1.4271703711173132,0,0.0
83.126700377369,66.84766373921217,22.108771550987683,0,0.0
97.71305825277963,156.97939542229352,0.7591938544151482,1,5122.255450709759
124.46127055608025,141.53618694818314,30.009691484986952,1,20262.09147041065
30.96319076409048,157.72299293448128,33.13036977653517,1,5912.032622420955
1.6493742987720716,103.45381128832187,-12.823882515346789,0,0.0
20.53284451032109,88.03979959109812,15.969812494473743,0,0.0
135.00279627721577,29.49050534125679,15.622338891373914,1,30520.022656362802
131.0835116343773,65.63855072186232,5.849653915087874,1,8987.936576929424
89.61196532554625,86.80387323477505,45.304740379877046,0,0.0
90.07752906504801,17.720085935923446,37.925442391125486,0,0.0
99.75550118193833,44.12239054224225,28.804656733674577,0,0.0
26.30569179351744,119.64505881274776,30.002864501449828,0,0.0
137.16179188874398,147.13262284783798,12.320130066918338,1,7637.517302939849
62.815578733810966,199.66950227858993,44.46961647676031,1,12342.285474499608
57.470779237424615,186.62266626871153,28.621679907729977,1,43552.06667339977
77.83765579242564,128.51303990703832,31.028674315907153,0,0.0
7.044895016258257,84.2496106588144,40.318363265114165,0,0.0
24.94250531341191,127.23547294164655,-0.8149887460466303,0,0.0
110.70504246395556,157.13032361604638,36.49496327066921,1,2930.199850948151
12.41980018876897,23.667238184677466,-6.333157793045558,0,0.0
90.47281641995824,81.98097793925766,4.17393665714215,0,0.0
36.80236645219814,167.96045712712345,3.4927317988889897,1,2403.968951305071
58.394342106296484,76.7665903866088,48.49678278723984,0,0.0
43.30406051560498,114.3744542454373,39.95760566235488,0,0.0
53.35090746974237,117.55387217243964,29.081890311318183,0,0.0
107.85688577763682,36.89525062672787,30.89397331307731,1,16015.208312465207
44.568257343476255,72.44708833045767,19.345095608179975,0,0.0
84.96069604453457,66.90225774838643,46.296346697596334,0,0.0
71.40756032986495,5.239341706412959,14.73811270176531,0,0.0
99.55067480439722,4.838352778271049,6.636239690892616,0,0.0
140.5244608987137,166.3394087351547,-8.58752641478863,1,27665.73446268141
109.88581458153755,54.61416199456248,35.03439565827406,1,14486.719870813406
32.24105678861351,103.61575324776308,31.4110752452914,0,0.0
4.677470259192701,59.74511471775461,6.904852696689442,0,0.0
39.33960664497376,188.1358490230681,-18.236461022853945,1,45307.92127897069
89.26168960503823,51.85935177315475,38.72981294026075,0,0.0
7.713872022637553,85.93136254778702,-19.200741158214846,0,0.0
74.45493708018545,174.54605009692037,29.25898457403357,1,3478.082087387214
89.52642733753338,168.38671335836173,47.91799768082399,1,21879.940659659307
50.13658362254412,37.220283569255464,10.636292970374242,0,0.0
115.63683056187328,160.52866195914208,-3.551861650283307,1,40476.791462803754
15.98973797006577,91.63737734757854,29.340970703036717,0,0.0
11.270667260371315,96.59377441707105,37.19896994109096,0,0.0
109.2283134305405,26.695994483188755,18.25012212544931,1,41047.960298448605
74.32369743092977,16.12030275142493,47.692469267930235,0,0.0
103.2603594641604,145.58786139475305,-16.383189483942722,1,5672.685142377174
65.22410079056193,99.29223047105995,15.335691881316968,0,0.0
36.960304985866024,87.37014052303591,30.291776312578506,0,0.0
122.86534765112995,145.90164573047934,40.384832980442525,1,43663.73431741453
119.91238184534689,153.10257979822194,-7.452107166454697,1,5092.72081932092
104.20447062816402,31.78163353387071,36.0002437234577,1,11345.171185343834
40.8217705844944,122.04502989552826,18.68949530029817,0,0.0
88.53460003036307,27.070816455537106,7.758757739297426,0,0.0
54.14608454100402,150.27501720580915,-10.77994799946345,1,25134.233655000175
13.737310998995122,131.3910312534279,40.57070312362387,0,0.0
137.5970363193364,191.3229242166916,-8.990875427419926,1,17385.657770448684
20.52279463784421,13.791603271284236,1.6851501446369461,0,0.0
142.53560307312037,11.410944230250863,0.3031872373705795,1,26967.088759581413
66.90086594369336,56.43741493864003,40.998982393359796,0,0.0
